{
  "protocol": "lachesis.m8b1a.canonicalization-regression.v1",
  "status": "complete-offline-pass",
  "stage1Commit": "919b6d7946e9959c77a237c93339a7e00042e753",
  "canonicalizationProtocol": "lachesis-canonical-json/1",
  "fixedSeed": {
    "decimal": 1832432033,
    "hex": "0x6d38b1a1"
  },
  "campaigns": {
    "parseCanonicalizeIdempotence": 100000,
    "alpha3Differential": 100000,
    "distinctUtf16KeyPairs": 50000
  },
  "differential": {
    "changed": 3,
    "unchanged": 99997,
    "unexpectedChanges": 0,
    "changeClass": "alpha3-silent-own-__proto__-loss",
    "vectors": [
      {
        "input": "{\"FlnxRllA?\":null,\"F?B%<f;\\\\\":null,\"__proto__\":2.047331291712153e+161,\"%W\":4.422535334306757e-240,\"uDv0j7%k\\\"\":false,\"{w\":null,\"\\\\{{\":\"!B-YD \",\"_tE\":false,\"H\":-2.2458229995455498e-91,\"bm^\\\\<,y;!\":-2.034100515817697e+148}",
        "alpha3": "{\"%W\":4.422535334306757e-240,\"F?B%<f;\\\\\":null,\"FlnxRllA?\":null,\"H\":-2.2458229995455498e-91,\"\\\\{{\":\"!B-YD \",\"_tE\":false,\"bm^\\\\<,y;!\":-2.034100515817697e+148,\"uDv0j7%k\\\"\":false,\"{w\":null}",
        "corrected": "{\"%W\":4.422535334306757e-240,\"F?B%<f;\\\\\":null,\"FlnxRllA?\":null,\"H\":-2.2458229995455498e-91,\"\\\\{{\":\"!B-YD \",\"__proto__\":2.047331291712153e+161,\"_tE\":false,\"bm^\\\\<,y;!\":-2.034100515817697e+148,\"uDv0j7%k\\\"\":false,\"{w\":null}"
      },
      {
        "input": "{\"key\":null,\"__proto__\":[null],\"z_S#u\":[4.9691593702529334e-172]}",
        "alpha3": "{\"key\":null,\"z_S#u\":[4.9691593702529334e-172]}",
        "corrected": "{\"__proto__\":[null],\"key\":null,\"z_S#u\":[4.9691593702529334e-172]}"
      },
      {
        "input": "[[null,null,{\"i=kI\":null,\"~J=T$Cp\":-2.169092316344237e+182,\"\":1.8483010539987426e+250,\"C_5dz!\":-5.950499253391498e+173,\"\\\"^-\":false,\" bdYOwox]\":\"'6YoW\",\"b?ZG l=5t\":true,\"__proto__\":true,\"[S\":null,\",X\":null},false],null,-1.5964781526587966e+175,false,true]",
        "alpha3": "[[null,null,{\"\":1.8483010539987426e+250,\" bdYOwox]\":\"'6YoW\",\"\\\"^-\":false,\",X\":null,\"C_5dz!\":-5.950499253391498e+173,\"[S\":null,\"b?ZG l=5t\":true,\"i=kI\":null,\"~J=T$Cp\":-2.169092316344237e+182},false],null,-1.5964781526587966e+175,false,true]",
        "corrected": "[[null,null,{\"\":1.8483010539987426e+250,\" bdYOwox]\":\"'6YoW\",\"\\\"^-\":false,\",X\":null,\"C_5dz!\":-5.950499253391498e+173,\"[S\":null,\"__proto__\":true,\"b?ZG l=5t\":true,\"i=kI\":null,\"~J=T$Cp\":-2.169092316344237e+182},false],null,-1.5964781526587966e+175,false,true]"
      }
    ]
  },
  "specialKeyCoverage": [
    "__proto__",
    "constructor",
    "prototype",
    "__defineGetter__",
    "__defineSetter__",
    "quote",
    "backslash",
    "control-character",
    "unicode",
    "canonically-distinct-unicode",
    "lone-high-surrogate",
    "lone-low-surrogate"
  ],
  "rejections": [
    "undefined",
    "non-finite-number",
    "bigint",
    "symbol",
    "function",
    "cycle",
    "sparse-array",
    "extra-array-property",
    "accessor",
    "non-enumerable-state",
    "unsupported-prototype",
    "date",
    "map",
    "set",
    "typed-array",
    "proxy"
  ],
  "quoteBackslashCounterexample": "unconfirmed-not-reproduced",
  "typeGraphParity": {
    "status": "closed-for-m8b1a",
    "instrumentedAttempts": 5,
    "passed": 5,
    "timeoutChanged": false,
    "durationsSeconds": [17.06, 14.66, 14.78, 14.73, 14.87]
  },
  "verification": {
    "focusedTests": 32,
    "testFiles": 26,
    "tests": 391,
    "coverage": {
      "statements": 90.06,
      "branches": 80.13,
      "functions": 97.2,
      "lines": 94.11
    },
    "providerCalls": 0
  }
}
